zone,date,PM2.5,PM10,NO2,SO2,CO,O3
Anand Vihar,2026-06-06,91.9,397.1,20.6,8.7,1.13,13.89
Anand Vihar,2026-06-08,55.0,449.0,19.0,8.3,0.97,25.82
Anand Vihar,2026-06-09,68.8,433.6,23.3,5.4,0.87,43.77
Anand Vihar,2026-06-10,33.6,323.8,23.9,5.7,1.05,22.32
Anand Vihar,2026-06-11,39.3,197.8,21.5,5.5,0.83,53.99
Anand Vihar,2026-06-12,50.7,123.7,20.8,6.7,1.08,19.69
Anand Vihar,2026-06-13,56.3,202.7,31.2,7.3,1.57,65.53
Anand Vihar,2026-06-14,87.1,346.8,33.3,6.7,0.77,55.44
Anand Vihar,2026-06-15,49.6,286.0,22.2,6.7,1.06,29.9
Anand Vihar,2026-06-16,38.5,170.3,25.2,9.1,1.2,31.97
Anand Vihar,2026-06-17,50.0,223.7,28.7,8.8,1.34,61.69
Anand Vihar,2026-06-18,59.4,294.7,27.7,6.5,0.89,43.17
Anand Vihar,2026-06-19,51.2,286.0,21.3,5.7,1.12,47.31
Anand Vihar,2026-06-20,55.1,252.2,23.1,5.2,0.74,44.64
Anand Vihar,2026-06-21,46.9,215.3,21.7,3.7,1.16,30.8
Anand Vihar,2026-06-22,55.3,382.9,26.0,4.7,1.29,47.85
Anand Vihar,2026-06-23,61.8,265.1,30.8,2.9,1.27,50.55
Anand Vihar,2026-06-24,42.7,224.8,22.6,3.3,1.39,58.01
Anand Vihar,2026-06-25,54.2,279.0,37.3,5.4,1.41,34.73
Anand Vihar,2026-06-26,46.6,208.9,23.4,4.7,2.65,29.75
Anand Vihar,2026-06-27,55.4,248.2,20.2,2.4,2.41,43.7
Anand Vihar,2026-06-28,68.3,273.5,26.8,3.8,2.12,40.88
Anand Vihar,2026-06-29,45.7,252.8,23.0,2.1,1.73,27.98
Anand Vihar,2026-06-30,62.1,347.6,16.1,2.5,1.44,17.05
Anand Vihar,2026-07-01,47.1,143.6,14.5,2.7,1.62,12.3
Anand Vihar,2026-07-02,51.2,206.4,13.8,3.7,1.56,49.01
Anand Vihar,2026-07-03,61.5,163.0,15.5,3.0,1.25,28.49
Anand Vihar,2026-07-04,66.4,210.0,15.9,4.1,2.3,10.43
Anand Vihar,2026-07-05,83.5,218.0,21.3,3.5,2.11,5.46
Anand Vihar,2026-07-06,46.8,154.2,15.7,5.6,2.61,23.76
Anand Vihar,2026-07-07,49.8,167.3,13.9,5.7,1.82,6.93
Anand Vihar,2026-07-08,48.2,98.3,16.7,4.3,1.38,4.05
Anand Vihar,2026-07-09,31.5,52.7,9.3,6.1,2.06,6.9
Anand Vihar,2026-07-10,43.7,190.3,15.1,2.9,1.85,5.18
Anand Vihar,2026-07-11,86.0,487.4,17.4,5.6,1.79,5.19
Anand Vihar,2026-07-12,96.2,687.7,18.6,6.4,1.45,8.0
Anand Vihar,2026-07-13,72.5,429.8,18.1,4.2,1.26,9.75
Anand Vihar,2026-07-14,69.3,392.5,21.2,4.9,1.27,28.04
Anand Vihar,2026-07-15,70.6,373.8,20.1,2.9,0.91,33.94
Anand Vihar,2026-07-16,76.3,392.3,19.4,3.4,1.48,33.09
Anand Vihar,2026-07-17,86.1,385.8,27.4,4.2,1.1,22.4
Anand Vihar,2026-07-18,81.5,416.1,20.9,6.0,2.31,22.92
Anand Vihar,2026-07-19,82.0,324.3,19.2,3.6,1.52,23.39
Anand Vihar,2026-07-20,64.9,156.8,14.8,4.4,1.32,6.55
Anand Vihar,2026-07-21,77.5,178.0,17.4,4.4,0.7,0.9
Ashok Vihar,2026-06-06,62.5,234.6,35.2,13.6,0.98,52.36
Ashok Vihar,2026-06-07,29.6,172.6,20.6,16.6,0.65,41.11
Ashok Vihar,2026-06-08,26.0,148.7,15.5,16.9,0.55,34.25
Ashok Vihar,2026-06-09,35.8,334.6,17.3,18.3,0.48,64.94
Ashok Vihar,2026-06-10,35.9,199.8,23.2,13.5,0.54,33.94
Ashok Vihar,2026-06-11,30.0,140.5,25.0,14.4,0.53,42.29
Ashok Vihar,2026-06-12,29.4,84.1,19.4,11.0,0.83,22.1
Ashok Vihar,2026-06-13,38.3,127.6,22.8,11.8,1.21,59.44
Ashok Vihar,2026-06-14,61.1,183.3,28.4,12.8,0.98,40.56
Ashok Vihar,2026-06-15,27.8,178.3,21.1,13.5,1.07,28.74
Ashok Vihar,2026-06-16,39.0,123.5,32.7,12.4,1.27,29.23
Ashok Vihar,2026-06-17,29.5,100.1,20.6,12.4,1.11,35.88
Ashok Vihar,2026-06-18,47.8,169.6,20.7,14.9,0.92,31.6
Ashok Vihar,2026-06-19,35.0,172.1,16.6,13.6,1.02,38.26
Ashok Vihar,2026-06-20,41.7,154.7,22.1,16.3,1.26,31.01
Ashok Vihar,2026-06-21,36.6,154.3,17.9,14.2,0.63,25.82
Ashok Vihar,2026-06-22,33.4,290.3,19.2,12.6,1.12,34.34
Ashok Vihar,2026-06-23,52.2,188.1,29.9,17.3,1.27,37.93
Ashok Vihar,2026-06-24,27.8,123.1,27.7,12.8,1.3,35.67
Ashok Vihar,2026-06-25,38.4,159.9,32.7,12.8,0.81,34.04
Ashok Vihar,2026-06-26,26.9,120.0,19.3,9.1,0.98,40.2
Ashok Vihar,2026-06-27,43.1,167.5,23.9,10.4,1.14,38.36
Ashok Vihar,2026-06-28,40.2,166.4,26.1,11.6,1.01,37.6
Ashok Vihar,2026-06-29,41.2,185.0,22.9,10.9,0.75,25.36
Ashok Vihar,2026-06-30,40.7,227.5,22.6,8.4,1.06,16.96
Ashok Vihar,2026-07-01,34.2,122.2,22.1,8.2,0.94,10.25
Ashok Vihar,2026-07-02,34.2,99.0,21.4,10.0,1.14,28.45
Ashok Vihar,2026-07-03,36.0,105.3,21.5,10.4,1.18,10.6
Ashok Vihar,2026-07-04,53.8,126.5,30.0,12.3,1.75,7.15
Ashok Vihar,2026-07-05,43.8,100.4,28.4,9.0,1.04,3.46
Ashok Vihar,2026-07-06,37.6,98.8,27.6,10.5,1.1,10.68
Ashok Vihar,2026-07-07,54.4,112.3,24.3,9.7,0.85,4.83
Ashok Vihar,2026-07-08,22.7,43.5,23.1,9.3,1.03,4.31
Ashok Vihar,2026-07-09,9.4,33.0,11.6,9.0,0.89,6.08
Ashok Vihar,2026-07-10,23.1,85.1,15.4,9.7,1.14,13.84
Ashok Vihar,2026-07-11,47.8,267.2,20.0,8.8,1.45,6.71
Ashok Vihar,2026-07-12,63.3,418.5,19.9,8.7,0.84,9.16
Ashok Vihar,2026-07-13,46.6,207.2,16.6,7.1,0.59,14.65
Ashok Vihar,2026-07-14,49.4,207.5,23.3,8.4,1.04,11.23
Ashok Vihar,2026-07-15,47.8,198.0,18.5,9.1,1.06,13.99
Ashok Vihar,2026-07-16,54.7,244.3,20.8,8.4,1.07,17.05
Ashok Vihar,2026-07-17,61.3,268.3,35.3,9.3,1.9,7.4
Ashok Vihar,2026-07-18,50.3,222.8,26.3,7.4,0.98,12.69
Ashok Vihar,2026-07-19,50.0,202.8,24.3,5.9,0.98,12.8
Ashok Vihar,2026-07-20,46.2,140.1,18.0,7.2,1.28,8.43
Ashok Vihar,2026-07-21,34.0,85.5,14.8,1.9,1.0,7.2
Bawana,2026-06-06,60.1,200.6,9.3,3.2,1.05,14.55
Bawana,2026-06-07,45.7,157.9,5.4,3.0,0.81,14.46
Bawana,2026-06-08,37.6,140.7,5.7,4.0,0.69,6.65
Bawana,2026-06-09,42.2,201.4,4.3,3.4,0.8,27.78
Bawana,2026-06-10,39.2,189.1,6.0,2.8,0.57,9.93
Bawana,2026-06-11,40.6,167.9,7.8,3.7,0.88,13.06
Bawana,2026-06-12,33.0,70.0,5.2,2.1,1.36,9.23
Bawana,2026-06-13,46.4,120.2,8.1,2.2,1.19,22.0
Bawana,2026-06-14,94.6,209.8,10.0,5.0,1.35,16.1
Bawana,2026-06-15,48.5,175.0,7.8,3.5,0.95,10.53
Bawana,2026-06-16,42.5,86.9,8.5,3.2,0.8,8.68
Bawana,2026-06-17,44.5,109.4,6.4,4.8,1.39,14.79
Bawana,2026-06-18,77.3,194.9,6.9,7.5,1.14,9.12
Bawana,2026-06-19,46.3,155.3,5.1,4.8,1.07,11.36
Bawana,2026-06-20,54.9,145.9,6.2,7.3,1.04,9.53
Bawana,2026-06-21,49.4,111.9,5.0,5.2,1.15,8.68
Bawana,2026-06-22,41.4,253.9,5.8,6.7,0.88,12.38
Bawana,2026-06-23,71.2,177.2,9.0,7.1,1.17,10.14
Bawana,2026-06-24,46.2,117.0,7.8,3.2,1.04,9.26
Bawana,2026-06-25,47.6,141.7,8.1,2.5,1.07,10.05
Bawana,2026-06-26,51.1,89.6,6.0,2.5,0.86,7.14
Bawana,2026-06-27,76.3,130.4,8.0,2.0,1.11,4.68
Bawana,2026-06-28,56.2,119.3,7.0,2.4,1.17,5.29
Bawana,2026-06-29,46.3,142.9,5.1,3.2,0.72,4.21
Bawana,2026-06-30,49.8,202.1,6.0,2.1,0.9,3.89
Bawana,2026-07-01,59.2,94.8,6.4,1.5,2.03,1.51
Bawana,2026-07-02,59.8,79.2,5.5,1.4,0.98,4.42
Bawana,2026-07-03,157.4,122.5,6.1,1.4,1.3,4.15
Bawana,2026-07-04,130.5,173.5,7.7,1.5,1.74,2.36
Bawana,2026-07-05,86.0,124.4,7.7,1.1,1.38,2.2
Bawana,2026-07-06,67.5,125.7,6.0,1.7,1.04,2.1
Bawana,2026-07-07,54.3,122.3,7.3,1.1,1.13,1.54
Bawana,2026-07-08,42.5,102.4,5.2,1.2,1.18,1.85
Bawana,2026-07-09,23.4,85.0,3.3,1.1,0.83,1.99
Bawana,2026-07-10,30.2,98.6,2.5,0.9,0.96,2.2
Bawana,2026-07-11,58.9,257.0,4.3,0.8,0.95,2.85
Bawana,2026-07-12,62.0,393.0,3.8,1.4,1.0,3.55
Bawana,2026-07-13,44.7,198.7,2.4,1.7,0.83,3.67
Bawana,2026-07-14,39.9,189.7,1.8,2.0,0.63,3.55
Bawana,2026-07-15,45.6,184.7,2.3,2.4,1.38,3.46
Bawana,2026-07-16,86.9,221.9,2.9,2.7,0.92,4.32
Bawana,2026-07-17,100.4,236.7,3.4,2.5,0.51,3.38
Bawana,2026-07-18,99.6,232.5,4.5,2.5,0.84,3.6
Bawana,2026-07-19,96.9,196.6,3.3,2.2,0.77,3.48
Bawana,2026-07-20,,62.0,4.5,2.8,,3.9
Bawana,2026-07-21,,62.0,2.8,,,7.6
Dwarka,2026-06-06,56.2,314.0,50.9,12.6,0.95,56.53
Dwarka,2026-06-07,31.3,190.0,40.2,15.2,1.19,33.67
Dwarka,2026-06-08,26.3,180.8,32.7,15.1,0.49,17.51
Dwarka,2026-06-09,32.8,243.0,29.4,18.9,0.55,47.95
Dwarka,2026-06-10,41.6,289.0,42.4,13.9,1.05,32.88
Dwarka,2026-06-11,34.1,170.2,33.1,16.6,0.49,42.67
Dwarka,2026-06-12,21.4,79.1,25.1,8.5,0.85,38.3
Dwarka,2026-06-13,28.3,131.9,43.8,15.1,1.16,69.1
Dwarka,2026-06-14,52.2,215.1,43.2,17.5,0.65,50.91
Dwarka,2026-06-15,31.9,168.8,39.2,14.9,1.25,36.04
Dwarka,2026-06-16,35.1,153.5,50.6,10.5,0.9,30.58
Dwarka,2026-06-17,31.9,173.0,35.5,15.0,1.1,45.59
Dwarka,2026-06-18,58.8,258.2,36.6,20.8,1.04,34.29
Dwarka,2026-06-19,31.1,183.2,26.0,16.7,0.91,38.03
Dwarka,2026-06-20,47.2,212.5,34.1,11.5,0.79,33.9
Dwarka,2026-06-21,25.4,137.2,20.8,14.3,0.48,30.79
Dwarka,2026-06-22,22.5,274.5,29.1,16.7,0.89,37.22
Dwarka,2026-06-23,64.0,203.7,41.2,32.1,0.89,36.58
Dwarka,2026-06-24,27.6,142.5,37.7,16.3,1.15,37.06
Dwarka,2026-06-25,36.4,230.1,43.0,23.4,1.07,46.74
Dwarka,2026-06-26,23.2,125.2,22.9,16.8,0.76,22.8
Dwarka,2026-06-27,46.5,195.4,31.0,11.7,1.49,44.2
Dwarka,2026-06-28,39.0,197.0,25.3,16.4,0.92,49.83
Dwarka,2026-06-29,36.8,218.7,21.8,9.9,0.94,30.81
Dwarka,2026-06-30,31.9,256.1,21.8,17.6,0.58,23.81
Dwarka,2026-07-01,26.8,140.4,19.8,10.4,0.75,24.96
Dwarka,2026-07-02,28.3,112.5,22.7,13.7,1.04,38.3
Dwarka,2026-07-03,32.3,146.3,22.3,14.1,1.18,28.12
Dwarka,2026-07-04,52.9,199.1,31.8,14.2,1.59,21.56
Dwarka,2026-07-05,50.9,145.1,31.8,12.5,1.92,9.64
Dwarka,2026-07-06,44.7,168.1,24.7,19.1,1.25,27.81
Dwarka,2026-07-07,25.9,156.1,29.3,6.0,1.35,17.69
Dwarka,2026-07-08,22.6,41.6,19.1,9.3,0.94,9.31
Dwarka,2026-07-09,13.5,43.2,10.1,13.2,0.88,20.8
Dwarka,2026-07-10,15.4,80.4,12.1,7.4,1.03,30.6
Dwarka,2026-07-11,33.1,327.6,17.6,2.3,0.99,19.5
Dwarka,2026-07-12,44.6,384.4,15.8,9.8,0.88,17.71
Dwarka,2026-07-13,29.5,216.0,21.8,11.1,0.84,23.16
Dwarka,2026-07-14,28.9,241.6,27.9,14.4,1.48,24.75
Dwarka,2026-07-15,27.0,191.8,29.1,,,
Dwarka,2026-07-16,34.9,249.0,35.4,,1.37,12.92
Dwarka,2026-07-17,45.2,278.6,49.1,5.8,1.87,19.12
Dwarka,2026-07-18,37.1,261.8,35.9,6.1,2.09,20.6
Dwarka,2026-07-19,40.2,230.2,37.2,9.9,0.95,23.84
Dwarka,2026-07-20,34.2,169.8,34.3,8.7,1.25,12.41
Dwarka,2026-07-21,21.0,79.0,43.0,7.9,1.1,7.0
Jahangirpuri,2026-06-06,82.3,279.6,43.9,9.5,1.73,26.0
Jahangirpuri,2026-06-07,39.7,252.1,34.0,9.3,1.15,28.0
Jahangirpuri,2026-06-08,32.3,192.2,25.5,10.5,0.2,26.79
Jahangirpuri,2026-06-09,37.2,362.7,26.8,9.0,0.88,46.1
Jahangirpuri,2026-06-10,51.5,264.8,35.7,6.8,1.69,26.66
Jahangirpuri,2026-06-11,39.3,161.4,31.6,9.5,1.06,24.47
Jahangirpuri,2026-06-12,33.7,73.8,29.7,9.0,1.19,18.5
Jahangirpuri,2026-06-13,45.9,157.4,41.0,9.1,1.59,49.64
Jahangirpuri,2026-06-14,92.6,245.4,47.9,12.6,9.46,34.5
Jahangirpuri,2026-06-15,35.7,186.0,34.9,7.7,11.44,24.36
Jahangirpuri,2026-06-16,51.1,151.4,49.3,8.6,1.6,16.22
Jahangirpuri,2026-06-17,48.7,136.6,42.8,10.9,1.7,43.67
Jahangirpuri,2026-06-18,70.0,215.0,38.2,13.9,1.71,26.82
Jahangirpuri,2026-06-19,52.9,205.9,37.3,11.4,0.48,33.49
Jahangirpuri,2026-06-20,63.9,194.5,43.2,15.3,2.9,28.88
Jahangirpuri,2026-06-21,59.6,170.9,35.4,11.1,3.19,21.04
Jahangirpuri,2026-06-22,48.3,341.0,42.0,8.5,1.99,29.89
Jahangirpuri,2026-06-23,72.8,254.5,59.2,18.7,0.0,35.8
Jahangirpuri,2026-06-24,42.0,140.5,36.9,10.7,2.0,37.42
Jahangirpuri,2026-06-25,61.3,145.5,62.5,14.8,2.19,35.78
Jahangirpuri,2026-06-26,44.2,133.0,28.2,9.3,1.35,24.65
Jahangirpuri,2026-06-27,77.3,171.2,34.0,9.3,1.42,32.09
Jahangirpuri,2026-06-28,70.3,171.7,41.1,8.1,1.53,30.77
Jahangirpuri,2026-06-29,60.0,185.5,34.2,7.4,1.38,20.4
Jahangirpuri,2026-06-30,55.3,202.9,31.0,5.1,1.03,12.82
Jahangirpuri,2026-07-01,59.2,117.8,33.4,3.4,1.27,15.67
Jahangirpuri,2026-07-02,61.0,93.0,24.4,2.8,1.3,13.49
Jahangirpuri,2026-07-03,64.9,116.8,29.3,2.2,1.43,13.41
Jahangirpuri,2026-07-04,91.5,131.8,35.3,5.5,2.23,64.24
Jahangirpuri,2026-07-05,139.3,166.9,47.2,8.1,1.85,58.27
Jahangirpuri,2026-07-06,77.5,161.2,31.8,8.3,1.81,15.6
Jahangirpuri,2026-07-07,81.6,144.2,30.1,8.7,1.59,19.58
Jahangirpuri,2026-07-08,45.0,78.6,20.8,7.0,1.53,10.89
Jahangirpuri,2026-07-09,42.4,103.6,14.9,5.2,1.04,10.62
Jahangirpuri,2026-07-10,57.5,151.0,20.2,7.9,1.01,11.0
Jahangirpuri,2026-07-11,83.0,362.1,24.7,13.7,1.39,10.69
Jahangirpuri,2026-07-12,97.8,515.5,24.9,13.5,1.26,12.15
Jahangirpuri,2026-07-13,65.5,279.8,20.4,10.9,0.88,10.47
Jahangirpuri,2026-07-14,64.9,282.8,24.3,7.6,0.85,6.79
Jahangirpuri,2026-07-15,62.2,249.5,24.0,10.5,0.99,7.75
Jahangirpuri,2026-07-16,65.0,279.3,24.7,9.4,0.95,7.49
Jahangirpuri,2026-07-17,59.6,285.7,35.9,10.3,1.23,6.71
Jahangirpuri,2026-07-18,62.4,241.2,24.8,9.9,1.12,6.97
Jahangirpuri,2026-07-19,66.5,237.0,21.9,9.7,1.07,7.36
Jahangirpuri,2026-07-20,69.2,167.5,19.4,8.5,0.98,8.28
Jahangirpuri,2026-07-21,53.5,98.0,25.4,9.7,0.8,12.8
Mundka,2026-06-06,53.9,266.0,93.1,12.2,1.88,21.61
Mundka,2026-06-07,23.1,167.7,85.5,6.7,0.79,17.72
Mundka,2026-06-08,25.8,157.7,84.4,8.2,0.8,9.84
Mundka,2026-06-09,35.0,281.2,85.7,8.9,0.73,25.19
Mundka,2026-06-10,32.7,219.3,86.5,7.8,0.79,16.15
Mundka,2026-06-11,33.4,188.8,71.0,11.6,0.89,22.06
Mundka,2026-06-12,20.3,88.9,68.4,8.2,0.95,18.64
Mundka,2026-06-13,41.0,185.5,85.2,6.2,0.96,34.26
Mundka,2026-06-14,58.4,202.0,94.2,10.2,1.07,23.49
Mundka,2026-06-15,26.9,200.6,85.5,6.5,0.83,12.93
Mundka,2026-06-16,45.6,78.2,79.1,9.6,1.04,15.14
Mundka,2026-06-17,46.3,140.9,83.7,11.6,0.85,25.55
Mundka,2026-06-18,79.5,259.2,83.2,20.6,1.21,17.91
Mundka,2026-06-19,38.7,197.8,70.0,12.5,0.78,18.55
Mundka,2026-06-20,53.8,204.5,81.4,13.1,0.95,17.25
Mundka,2026-06-21,36.6,141.6,73.1,11.6,0.85,14.26
Mundka,2026-06-22,29.5,260.4,83.8,10.9,0.82,16.43
Mundka,2026-06-23,76.3,261.7,88.0,22.5,1.19,17.54
Mundka,2026-06-24,35.8,155.0,84.7,9.5,0.95,13.4
Mundka,2026-06-25,38.7,194.4,115.7,10.8,0.87,11.8
Mundka,2026-06-26,26.2,133.0,100.5,8.7,0.74,16.62
Mundka,2026-06-27,49.1,178.8,108.2,10.9,0.97,17.75
Mundka,2026-06-28,41.0,180.9,108.6,2.9,0.92,21.2
Mundka,2026-06-29,43.6,201.5,104.9,5.1,0.87,12.47
Mundka,2026-06-30,39.6,247.0,94.4,3.4,0.85,8.46
Mundka,2026-07-01,35.6,118.0,103.5,3.6,0.91,12.78
Mundka,2026-07-02,34.4,101.3,83.6,5.1,0.99,17.35
Mundka,2026-07-03,41.4,94.7,72.5,5.7,0.94,18.38
Mundka,2026-07-04,67.2,159.6,84.6,7.3,1.28,10.72
Mundka,2026-07-05,67.0,125.2,84.9,11.6,1.8,6.81
Mundka,2026-07-06,78.2,120.7,81.6,8.1,1.48,15.32
Mundka,2026-07-07,40.2,71.2,77.0,12.7,1.11,6.49
Mundka,2026-07-08,27.6,45.5,67.9,9.1,1.01,2.91
Mundka,2026-07-09,11.6,28.2,66.2,6.5,0.86,4.86
Mundka,2026-07-10,21.5,66.8,68.2,4.0,0.85,8.03
Mundka,2026-07-11,41.7,254.8,72.4,3.6,0.84,6.92
Mundka,2026-07-12,59.4,413.0,69.0,3.0,0.93,6.09
Mundka,2026-07-13,41.5,185.9,59.0,4.3,0.78,8.72
Mundka,2026-07-14,37.5,215.7,67.2,7.3,0.82,7.99
Mundka,2026-07-15,36.9,207.5,68.2,6.2,0.8,8.95
Mundka,2026-07-16,47.6,256.5,67.5,7.7,0.86,9.47
Mundka,2026-07-17,53.1,294.4,72.2,20.6,0.99,7.1
Mundka,2026-07-18,43.4,247.2,67.9,4.0,0.93,7.62
Mundka,2026-07-19,43.2,199.5,65.5,4.0,0.88,8.84
Mundka,2026-07-20,40.2,147.3,63.5,1.9,0.95,4.67
Mundka,2026-07-21,41.5,111.0,73.2,1.6,1.1,1.8
Narela,2026-06-06,86.7,230.2,20.6,20.6,0.93,14.8
Narela,2026-06-07,64.3,205.8,10.1,16.1,0.64,19.0
Narela,2026-06-08,52.9,163.0,9.2,19.5,0.66,8.1
Narela,2026-06-09,76.5,333.1,6.8,8.2,0.59,29.8
Narela,2026-06-10,66.8,233.8,11.3,8.7,0.61,19.02
Narela,2026-06-11,57.3,180.4,13.2,6.1,0.66,25.23
Narela,2026-06-12,22.5,57.7,10.2,6.2,0.75,26.12
Narela,2026-06-13,43.2,133.1,15.0,8.9,0.82,29.12
Narela,2026-06-14,83.3,241.7,21.3,15.3,0.9,21.84
Narela,2026-06-15,57.2,168.3,17.0,10.5,0.72,15.8
Narela,2026-06-16,32.9,109.8,19.6,9.3,0.77,12.86
Narela,2026-06-17,36.2,118.5,12.4,17.8,0.75,22.99
Narela,2026-06-18,58.2,191.6,13.9,18.6,0.94,18.83
Narela,2026-06-19,52.4,170.3,12.2,15.3,0.7,28.51
Narela,2026-06-20,57.0,168.7,14.7,19.9,0.75,20.6
Narela,2026-06-21,45.1,132.5,12.7,12.7,0.67,16.84
Narela,2026-06-22,48.6,300.7,15.7,12.6,0.69,18.64
Narela,2026-06-23,74.0,217.6,20.8,22.7,0.77,18.25
Narela,2026-06-24,50.5,153.5,20.6,12.0,0.73,37.96
Narela,2026-06-25,68.8,206.1,23.3,18.1,0.91,6.34
Narela,2026-06-26,38.7,123.0,17.0,10.6,0.78,7.77
Narela,2026-06-27,58.0,173.9,19.5,13.2,0.95,5.73
Narela,2026-06-28,57.8,182.5,20.8,11.8,0.89,3.0
Narela,2026-06-29,59.1,197.6,21.3,12.0,0.9,8.01
Narela,2026-06-30,68.5,234.2,17.1,10.0,0.9,9.71
Narela,2026-07-01,30.1,97.5,16.2,8.7,0.88,9.93
Narela,2026-07-02,37.9,109.3,17.4,10.3,0.97,11.8
Narela,2026-07-03,48.4,126.9,16.0,7.9,1.1,13.56
Narela,2026-07-04,92.8,181.5,21.8,8.0,1.4,7.9
Narela,2026-07-05,72.6,135.8,24.9,11.5,1.07,8.18
Narela,2026-07-06,47.9,121.7,16.5,12.0,0.86,9.35
Narela,2026-07-07,36.9,93.8,17.0,11.3,0.78,8.25
Narela,2026-07-08,28.5,64.5,11.9,10.7,0.8,7.87
Narela,2026-07-09,19.9,71.3,14.0,15.9,1.1,8.97
Narela,2026-07-10,21.5,72.6,11.7,14.3,1.26,29.55
Narela,2026-07-11,43.5,252.0,14.7,12.7,1.65,18.8
Narela,2026-07-12,61.0,410.5,13.7,12.1,1.14,21.36
Narela,2026-07-13,33.6,195.5,11.2,12.6,0.98,30.34
Narela,2026-07-14,32.3,165.8,10.9,11.7,0.85,15.54
Narela,2026-07-15,38.0,182.0,16.7,12.7,0.89,22.14
Narela,2026-07-16,47.6,234.2,15.5,10.3,0.72,28.57
Narela,2026-07-17,51.1,235.7,22.0,13.3,0.89,35.9
Narela,2026-07-18,44.6,220.8,21.3,10.1,0.94,31.52
Narela,2026-07-19,53.5,203.3,15.7,10.2,0.9,28.68
Narela,2026-07-20,49.7,134.2,12.4,7.1,0.84,15.84
Narela,2026-07-21,16.0,46.0,7.1,9.1,0.3,6.4
Okhla,2026-06-06,39.7,215.4,19.8,6.9,0.79,56.9
Okhla,2026-06-07,33.1,204.9,24.6,9.0,0.73,42.91
Okhla,2026-06-08,26.9,161.3,22.4,8.1,0.64,25.29
Okhla,2026-06-09,31.4,258.2,20.8,7.2,0.67,54.47
Okhla,2026-06-10,37.5,211.1,31.5,7.3,0.99,38.43
Okhla,2026-06-11,32.5,123.2,14.6,9.8,0.79,43.69
Okhla,2026-06-12,26.9,62.3,13.3,12.7,0.78,36.1
Okhla,2026-06-13,36.0,105.6,26.0,13.1,0.64,76.19
Okhla,2026-06-14,52.0,192.1,34.0,9.6,0.77,61.37
Okhla,2026-06-15,28.6,170.3,26.8,10.5,0.96,42.24
Okhla,2026-06-16,37.2,155.9,37.8,10.1,1.15,38.48
Okhla,2026-06-17,28.4,120.9,33.9,7.7,1.16,57.71
Okhla,2026-06-18,43.9,180.7,34.3,11.2,0.83,53.27
Okhla,2026-06-19,27.5,153.5,26.1,8.3,0.83,43.37
Okhla,2026-06-20,37.5,155.1,30.2,6.6,0.7,40.16
Okhla,2026-06-21,26.0,125.7,22.2,6.0,0.37,31.07
Okhla,2026-06-22,24.4,153.6,26.2,2.6,0.92,43.44
Okhla,2026-06-23,44.2,179.2,39.5,6.6,0.9,44.8
Okhla,2026-06-24,31.7,133.7,28.1,3.8,0.82,49.14
Okhla,2026-06-25,40.1,160.4,37.6,4.4,1.23,45.75
Okhla,2026-06-26,36.0,154.9,31.8,8.1,0.72,32.05
Okhla,2026-06-27,42.8,170.2,27.7,11.2,0.89,64.22
Okhla,2026-06-28,52.2,185.3,20.9,10.2,0.95,58.99
Okhla,2026-06-29,38.4,180.5,18.6,8.4,0.72,39.48
Okhla,2026-06-30,46.9,221.2,18.8,8.8,0.75,34.88
Okhla,2026-07-01,30.9,102.1,15.1,8.2,0.71,23.62
Okhla,2026-07-02,32.6,96.9,22.0,7.5,1.06,54.04
Okhla,2026-07-03,44.8,108.5,16.4,7.5,0.8,33.2
Okhla,2026-07-04,59.5,138.1,24.3,9.2,0.99,24.83
Okhla,2026-07-05,56.1,133.5,26.0,8.7,1.32,17.21
Okhla,2026-07-06,34.1,89.9,16.3,7.5,0.68,36.86
Okhla,2026-07-07,34.8,90.8,23.8,8.2,1.01,25.83
Okhla,2026-07-08,32.0,47.3,20.9,8.1,0.75,16.41
Okhla,2026-07-09,11.9,22.1,16.9,8.2,0.59,16.41
Okhla,2026-07-10,23.5,70.2,22.2,3.8,0.75,33.47
Okhla,2026-07-11,36.2,233.6,30.2,3.7,0.96,22.4
Okhla,2026-07-12,45.8,348.5,25.4,3.5,0.99,21.95
Okhla,2026-07-13,36.6,185.9,22.6,3.9,0.85,29.5
Okhla,2026-07-14,34.9,201.1,23.6,6.1,0.64,30.74
Okhla,2026-07-15,34.5,173.3,26.0,14.2,0.79,31.59
Okhla,2026-07-16,41.0,211.2,26.7,16.3,1.01,30.76
Okhla,2026-07-17,51.2,240.2,35.7,8.6,1.11,66.64
Okhla,2026-07-18,46.6,202.5,31.8,7.0,1.27,28.75
Okhla,2026-07-19,54.9,199.1,23.1,8.2,0.22,14.99
Okhla,2026-07-20,36.4,94.0,17.3,12.3,0.65,6.14
Okhla,2026-07-21,24.5,85.0,25.8,11.4,0.5,8.2
Punjabi Bagh,2026-06-06,56.9,220.2,25.5,21.2,1.59,59.39
Punjabi Bagh,2026-06-07,31.4,171.8,14.4,19.8,1.84,48.99
Punjabi Bagh,2026-06-08,28.3,136.4,13.4,19.0,0.89,31.48
Punjabi Bagh,2026-06-09,36.8,293.5,15.3,37.3,1.37,61.66
Punjabi Bagh,2026-06-10,39.9,206.0,22.6,36.2,1.06,40.59
Punjabi Bagh,2026-06-11,34.9,150.4,23.1,34.0,0.94,48.34
Punjabi Bagh,2026-06-12,22.6,72.7,18.5,35.2,1.4,45.19
Punjabi Bagh,2026-06-13,36.8,132.2,24.4,22.9,1.2,75.09
Punjabi Bagh,2026-06-14,63.4,187.3,21.7,9.1,0.76,59.46
Punjabi Bagh,2026-06-15,55.3,149.6,31.8,31.1,1.4,23.58
Punjabi Bagh,2026-06-16,41.7,124.9,28.1,24.5,2.47,36.28
Punjabi Bagh,2026-06-17,43.7,121.8,20.3,29.9,2.55,59.0
Punjabi Bagh,2026-06-18,78.0,218.4,18.2,30.4,3.36,42.02
Punjabi Bagh,2026-06-19,43.2,174.2,17.2,32.9,0.77,54.85
Punjabi Bagh,2026-06-20,68.3,171.1,28.9,36.9,0.91,45.09
Punjabi Bagh,2026-06-21,58.0,154.2,13.9,30.1,0.63,38.94
Punjabi Bagh,2026-06-22,47.3,257.0,21.3,43.4,1.85,43.08
Punjabi Bagh,2026-06-23,74.8,194.7,27.5,33.4,0.9,61.04
Punjabi Bagh,2026-06-24,35.3,119.9,19.0,29.1,1.31,60.04
Punjabi Bagh,2026-06-25,46.9,164.2,32.4,30.5,0.89,46.48
Punjabi Bagh,2026-06-26,29.9,117.8,19.3,28.7,1.38,55.39
Punjabi Bagh,2026-06-27,54.9,181.5,22.7,33.2,1.11,65.24
Punjabi Bagh,2026-06-28,50.4,159.8,22.0,33.2,0.85,71.67
Punjabi Bagh,2026-06-29,49.1,179.9,19.2,30.5,0.84,46.12
Punjabi Bagh,2026-06-30,53.1,235.2,22.0,31.5,0.8,41.2
Punjabi Bagh,2026-07-01,43.1,133.2,25.4,33.0,0.75,22.68
Punjabi Bagh,2026-07-02,43.0,109.9,21.3,33.1,1.12,54.04
Punjabi Bagh,2026-07-03,44.0,114.2,20.1,36.6,0.8,49.98
Punjabi Bagh,2026-07-04,63.4,149.3,27.8,32.8,1.45,23.59
Punjabi Bagh,2026-07-05,83.8,192.0,32.0,29.5,1.4,18.12
Punjabi Bagh,2026-07-06,49.2,136.0,26.6,33.7,1.31,57.86
Punjabi Bagh,2026-07-07,49.3,126.4,26.9,34.6,1.12,37.03
Punjabi Bagh,2026-07-08,26.5,67.0,23.7,30.5,1.08,10.43
Punjabi Bagh,2026-07-09,10.9,45.8,16.0,29.9,1.09,26.6
Punjabi Bagh,2026-07-10,23.8,85.8,17.1,51.1,1.23,29.94
Punjabi Bagh,2026-07-11,61.7,261.1,18.1,33.6,1.0,8.83
Punjabi Bagh,2026-07-12,80.6,404.0,15.2,31.0,1.43,5.45
Punjabi Bagh,2026-07-13,43.2,185.8,14.3,32.0,2.0,5.4
Punjabi Bagh,2026-07-14,43.8,187.4,16.3,31.0,1.52,5.62
Punjabi Bagh,2026-07-15,43.5,169.2,16.7,29.8,0.73,9.07
Punjabi Bagh,2026-07-16,54.9,213.2,18.9,30.5,0.73,21.39
Punjabi Bagh,2026-07-17,53.3,203.0,28.8,18.4,1.04,31.52
Punjabi Bagh,2026-07-18,49.5,189.0,22.0,26.9,1.09,31.9
Punjabi Bagh,2026-07-19,52.7,178.3,20.7,33.8,1.31,37.61
Punjabi Bagh,2026-07-20,41.9,117.3,19.1,36.2,1.39,18.75
Punjabi Bagh,2026-07-21,41.0,73.0,20.1,27.2,1.3,12.9
RK Puram,2026-06-06,49.3,204.5,37.7,14.6,1.38,13.06
RK Puram,2026-06-07,32.1,152.7,33.4,12.0,1.1,11.66
RK Puram,2026-06-08,31.6,153.1,31.5,10.6,0.64,8.24
RK Puram,2026-06-09,32.3,238.8,19.0,24.6,0.44,45.96
RK Puram,2026-06-10,38.2,170.4,27.1,33.6,1.15,27.86
RK Puram,2026-06-11,35.6,124.4,24.5,31.3,0.74,35.56
RK Puram,2026-06-12,23.5,56.4,13.4,23.6,0.57,21.46
RK Puram,2026-06-13,40.8,113.0,34.5,15.2,1.49,43.46
RK Puram,2026-06-14,95.0,193.9,67.8,8.3,1.2,12.2
RK Puram,2026-06-15,35.1,234.0,28.9,12.7,0.71,26.09
RK Puram,2026-06-16,40.9,114.9,39.8,11.2,1.33,17.54
RK Puram,2026-06-17,33.3,114.2,39.0,22.6,1.7,39.63
RK Puram,2026-06-18,56.2,186.5,53.6,16.7,0.53,52.58
RK Puram,2026-06-19,31.0,176.9,35.1,18.5,1.11,45.86
RK Puram,2026-06-20,47.9,186.5,42.5,26.4,0.61,43.96
RK Puram,2026-06-21,29.3,115.2,33.2,25.7,0.43,24.91
RK Puram,2026-06-22,28.3,293.2,39.3,52.8,0.51,42.34
RK Puram,2026-06-23,50.9,175.2,52.9,15.4,0.75,49.69
RK Puram,2026-06-24,30.1,113.2,43.5,63.2,0.7,59.08
RK Puram,2026-06-25,36.8,150.5,42.6,45.1,0.56,67.15
RK Puram,2026-06-26,29.9,103.0,44.2,44.0,0.49,21.79
RK Puram,2026-06-27,46.2,169.3,37.2,18.9,0.64,58.26
RK Puram,2026-06-28,57.8,196.4,41.5,40.0,0.78,70.25
RK Puram,2026-06-29,42.0,185.3,39.1,55.8,0.57,50.04
RK Puram,2026-06-30,39.9,220.1,28.2,30.2,0.42,21.11
RK Puram,2026-07-01,34.8,110.9,23.6,32.8,0.61,26.57
RK Puram,2026-07-02,38.8,98.9,32.0,35.6,0.95,60.71
RK Puram,2026-07-03,60.9,96.4,26.2,27.2,0.76,27.29
RK Puram,2026-07-04,81.2,139.4,42.4,32.0,1.54,26.38
RK Puram,2026-07-05,64.7,122.3,50.3,35.0,1.7,10.67
RK Puram,2026-07-06,33.7,91.8,34.2,31.4,1.04,43.93
RK Puram,2026-07-07,31.0,78.3,42.5,28.1,0.96,19.34
RK Puram,2026-07-08,24.9,52.1,34.9,28.4,1.0,5.87
RK Puram,2026-07-09,9.5,28.8,23.8,36.7,0.86,17.77
RK Puram,2026-07-10,15.5,68.2,26.7,22.4,0.66,33.15
RK Puram,2026-07-11,41.0,230.9,36.0,25.9,1.12,28.27
RK Puram,2026-07-12,61.6,358.4,32.4,25.6,1.14,26.66
RK Puram,2026-07-13,35.8,189.2,28.3,25.6,0.4,30.9
RK Puram,2026-07-14,37.2,204.2,29.4,18.1,0.57,34.52
RK Puram,2026-07-15,37.1,189.5,34.7,21.7,1.7,27.37
RK Puram,2026-07-16,53.0,275.8,43.9,26.3,1.13,24.25
RK Puram,2026-07-17,58.1,296.3,47.3,60.1,1.1,23.73
RK Puram,2026-07-18,51.0,267.2,39.0,34.5,1.41,30.12
RK Puram,2026-07-19,47.1,177.5,31.2,24.6,0.92,31.96
RK Puram,2026-07-20,37.0,103.6,18.6,32.3,1.04,10.87
RK Puram,2026-07-21,37.0,82.0,9.6,51.8,0.7,0.2
Rohini,2026-06-06,99.8,258.7,29.8,8.4,1.7,35.59
Rohini,2026-06-07,32.5,223.0,18.3,8.2,0.9,28.55
Rohini,2026-06-08,36.3,173.2,14.4,11.7,0.93,17.02
Rohini,2026-06-09,39.7,256.6,13.2,7.4,0.87,49.21
Rohini,2026-06-10,37.6,245.8,23.9,6.6,1.62,26.7
Rohini,2026-06-11,36.4,178.4,20.6,7.3,1.02,30.62
Rohini,2026-06-12,24.2,83.2,14.3,7.7,1.02,29.6
Rohini,2026-06-13,38.8,139.0,24.3,7.2,1.17,47.49
Rohini,2026-06-14,75.0,210.4,22.9,12.3,1.16,30.34
Rohini,2026-06-15,30.5,159.3,18.2,7.0,1.06,23.96
Rohini,2026-06-16,39.6,119.8,25.7,7.8,1.12,22.71
Rohini,2026-06-17,37.3,106.3,17.8,10.9,0.8,36.5
Rohini,2026-06-18,76.0,206.3,18.1,16.0,0.97,21.84
Rohini,2026-06-19,38.9,181.9,12.2,12.6,0.78,27.9
Rohini,2026-06-20,58.2,184.5,18.7,16.9,1.09,24.59
Rohini,2026-06-21,47.6,154.8,15.7,12.0,0.75,21.19
Rohini,2026-06-22,30.9,309.4,18.0,9.2,0.65,27.41
Rohini,2026-06-23,70.8,201.2,28.6,21.5,1.04,21.68
Rohini,2026-06-24,33.0,133.0,27.3,9.0,1.11,26.4
Rohini,2026-06-25,39.0,167.8,34.0,9.8,1.36,26.67
Rohini,2026-06-26,28.8,122.6,24.8,7.8,1.0,16.16
Rohini,2026-06-27,63.2,181.2,21.2,9.8,1.01,19.35
Rohini,2026-06-28,48.9,167.9,25.9,6.4,0.98,22.05
Rohini,2026-06-29,49.6,192.9,23.7,10.0,0.98,13.66
Rohini,2026-06-30,34.5,244.8,22.7,8.7,1.0,8.12
Rohini,2026-07-01,47.4,133.4,27.5,7.8,1.07,7.08
Rohini,2026-07-02,45.8,106.4,21.4,8.3,1.14,15.67
Rohini,2026-07-03,48.0,121.8,27.2,7.1,1.32,23.71
Rohini,2026-07-04,77.9,154.3,35.1,6.8,1.58,2.95
Rohini,2026-07-05,82.2,138.2,30.7,5.8,1.57,2.96
Rohini,2026-07-06,52.9,123.9,28.9,7.3,1.56,7.42
Rohini,2026-07-07,58.4,135.2,27.5,5.1,1.38,3.46
Rohini,2026-07-08,31.4,49.2,17.8,6.5,1.3,2.79
Rohini,2026-07-09,13.0,30.4,8.7,4.6,1.16,4.33
Rohini,2026-07-10,23.5,73.4,12.1,5.4,1.01,7.51
Rohini,2026-07-11,42.8,271.6,18.2,5.2,1.31,6.02
Rohini,2026-07-12,57.3,451.0,21.4,4.6,1.09,6.0
Rohini,2026-07-13,35.4,206.8,17.3,4.6,1.04,9.54
Rohini,2026-07-14,34.5,211.5,21.1,7.1,1.01,8.38
Rohini,2026-07-15,35.6,201.2,21.6,6.4,0.9,9.33
Rohini,2026-07-16,40.1,243.1,17.7,6.9,2.81,11.43
Rohini,2026-07-17,42.7,233.1,28.5,6.4,0.88,6.65
Rohini,2026-07-18,43.1,233.3,31.6,5.3,1.06,7.75
Rohini,2026-07-19,44.6,205.4,25.5,6.5,0.9,8.3
Rohini,2026-07-20,41.9,152.9,27.7,5.8,0.94,3.75
Rohini,2026-07-21,40.0,81.0,22.4,5.5,0.8,3.6
Vivek Vihar,2026-06-06,35.6,242.5,29.2,12.9,2.07,7.5
Vivek Vihar,2026-06-07,22.8,210.4,19.6,11.1,1.51,32.37
Vivek Vihar,2026-06-08,20.4,163.4,22.6,11.3,1.76,13.45
Vivek Vihar,2026-06-09,32.8,162.3,11.6,7.6,1.2,50.7
Vivek Vihar,2026-06-10,35.6,280.4,10.9,12.3,1.94,35.99
Vivek Vihar,2026-06-11,27.1,143.0,12.1,13.9,1.5,32.9
Vivek Vihar,2026-06-12,22.5,71.5,10.8,18.7,1.64,25.35
Vivek Vihar,2026-06-13,38.9,143.8,15.3,14.6,1.99,56.05
Vivek Vihar,2026-06-14,62.2,224.3,16.4,15.9,1.54,62.86
Vivek Vihar,2026-06-15,34.4,198.2,9.5,15.6,1.59,33.49
Vivek Vihar,2026-06-16,42.3,149.0,15.5,14.0,2.12,46.34
Vivek Vihar,2026-06-17,28.2,119.5,8.0,13.0,1.51,75.1
Vivek Vihar,2026-06-18,39.9,192.5,7.9,15.6,1.53,52.71
Vivek Vihar,2026-06-19,33.2,182.3,4.8,14.9,1.41,50.59
Vivek Vihar,2026-06-20,40.6,176.1,15.9,12.8,1.49,58.5
Vivek Vihar,2026-06-21,29.8,142.3,19.8,8.6,0.27,35.52
Vivek Vihar,2026-06-22,37.3,295.8,23.1,7.8,0.68,52.8
Vivek Vihar,2026-06-23,57.7,172.8,35.3,10.9,0.86,57.48
Vivek Vihar,2026-06-24,28.7,118.7,37.6,7.0,0.72,18.65
Vivek Vihar,2026-06-25,39.1,189.9,43.8,8.3,0.93,28.47
Vivek Vihar,2026-06-26,26.5,144.3,26.4,7.5,0.7,35.24
Vivek Vihar,2026-06-27,43.1,179.6,25.9,9.3,0.63,48.55
Vivek Vihar,2026-06-28,45.4,180.7,24.5,8.6,0.78,49.19
Vivek Vihar,2026-06-29,33.9,185.9,35.4,8.3,0.73,31.76
Vivek Vihar,2026-06-30,37.3,238.4,24.1,8.2,0.46,17.79
Vivek Vihar,2026-07-01,33.9,125.5,25.4,9.9,0.99,4.54
Vivek Vihar,2026-07-02,33.5,103.4,25.7,8.6,0.83,26.46
Vivek Vihar,2026-07-03,39.4,107.5,20.4,7.6,0.86,32.07
Vivek Vihar,2026-07-04,48.1,117.4,26.8,7.6,0.79,19.29
Vivek Vihar,2026-07-05,27.6,125.4,43.3,4.2,1.5,23.12
Vivek Vihar,2026-07-06,31.8,108.9,27.7,6.9,0.47,31.7
Vivek Vihar,2026-07-07,35.5,111.9,39.1,6.0,0.93,33.07
Vivek Vihar,2026-07-08,30.0,56.4,29.9,6.1,0.82,32.91
Vivek Vihar,2026-07-09,19.1,19.1,21.5,5.8,0.76,29.04
Vivek Vihar,2026-07-10,25.6,61.1,25.5,7.3,0.86,31.48
Vivek Vihar,2026-07-11,43.6,265.0,31.8,6.6,0.98,39.38
Vivek Vihar,2026-07-12,50.7,417.2,33.9,5.9,0.66,33.11
Vivek Vihar,2026-07-13,35.2,209.1,26.4,6.6,0.39,40.19
Vivek Vihar,2026-07-14,33.2,188.8,33.2,6.8,0.6,103.57
Vivek Vihar,2026-07-15,34.3,179.2,32.4,7.4,0.75,28.76
Vivek Vihar,2026-07-16,41.7,231.7,30.9,7.5,0.62,29.09
Vivek Vihar,2026-07-17,48.2,252.3,46.7,8.8,1.06,25.14
Vivek Vihar,2026-07-18,44.0,227.9,38.0,8.0,0.71,24.56
Vivek Vihar,2026-07-19,50.4,217.2,30.3,7.9,0.67,33.88
Vivek Vihar,2026-07-20,38.9,126.7,25.0,7.1,0.76,27.25
Vivek Vihar,2026-07-21,44.5,131.5,30.7,7.8,0.9,32.5
Wazirpur,2026-06-06,52.4,303.2,38.4,11.7,1.0,22.45
Wazirpur,2026-06-07,37.2,248.4,37.3,10.7,1.31,24.4
Wazirpur,2026-06-08,32.8,183.1,40.6,10.6,0.88,23.67
Wazirpur,2026-06-09,42.1,327.0,35.4,11.7,1.0,34.51
Wazirpur,2026-06-10,35.2,232.8,36.8,8.0,0.99,35.08
Wazirpur,2026-06-11,33.8,184.9,34.5,10.0,1.34,35.93
Wazirpur,2026-06-12,23.0,102.1,30.4,9.0,1.73,44.61
Wazirpur,2026-06-13,36.3,166.5,38.5,8.4,1.88,58.29
Wazirpur,2026-06-14,64.3,229.8,39.5,10.0,1.86,50.88
Wazirpur,2026-06-15,31.1,191.0,34.9,10.2,1.59,49.45
Wazirpur,2026-06-16,35.3,148.6,40.0,9.3,1.86,33.73
Wazirpur,2026-06-17,34.6,135.9,32.7,9.3,1.3,40.06
Wazirpur,2026-06-18,55.0,230.8,38.7,9.9,1.57,17.03
Wazirpur,2026-06-19,35.0,217.7,29.8,10.1,1.0,24.85
Wazirpur,2026-06-20,49.0,215.0,37.2,9.7,1.14,20.97
Wazirpur,2026-06-21,42.9,208.4,33.0,11.5,1.03,13.39
Wazirpur,2026-06-22,34.8,331.9,40.4,11.2,0.99,29.96
Wazirpur,2026-06-23,61.9,242.1,49.8,13.0,1.43,26.15
Wazirpur,2026-06-24,38.6,160.8,41.2,11.0,1.54,15.61
Wazirpur,2026-06-25,50.4,251.1,50.1,8.7,1.48,8.43
Wazirpur,2026-06-26,37.9,165.1,46.7,9.2,1.16,19.66
Wazirpur,2026-06-27,52.4,213.1,34.4,8.6,1.32,26.03
Wazirpur,2026-06-28,44.9,184.0,33.0,8.0,1.23,26.76
Wazirpur,2026-06-29,37.8,242.0,28.5,8.0,1.16,19.48
Wazirpur,2026-06-30,40.3,279.2,30.4,9.0,1.2,17.35
Wazirpur,2026-07-01,41.1,166.8,34.8,8.6,1.74,17.04
Wazirpur,2026-07-02,39.6,127.5,32.7,8.8,2.95,18.91
Wazirpur,2026-07-03,45.8,139.8,27.6,7.6,1.67,19.62
Wazirpur,2026-07-04,64.3,192.8,40.5,7.5,3.49,20.45
Wazirpur,2026-07-05,81.2,190.2,47.2,6.7,1.85,18.93
Wazirpur,2026-07-06,50.2,190.1,37.6,7.3,2.88,19.95
Wazirpur,2026-07-07,54.8,161.9,39.8,7.0,1.52,19.71
Wazirpur,2026-07-08,21.5,55.7,29.1,6.9,1.12,19.16
Wazirpur,2026-07-09,16.3,42.6,21.3,7.0,3.81,18.9
Wazirpur,2026-07-10,31.8,136.3,31.4,7.5,1.94,20.98
Wazirpur,2026-07-11,68.5,418.7,33.2,7.3,1.86,17.55
Wazirpur,2026-07-12,95.0,733.7,35.0,6.7,2.06,11.17
Wazirpur,2026-07-13,57.2,288.8,32.3,7.9,1.07,14.99
Wazirpur,2026-07-14,55.0,294.3,35.1,6.9,0.83,15.5
Wazirpur,2026-07-15,56.5,258.2,31.2,7.1,1.43,17.69
Wazirpur,2026-07-16,63.8,326.2,28.0,7.1,1.12,17.29
Wazirpur,2026-07-17,71.5,352.7,38.9,7.8,1.36,16.88
Wazirpur,2026-07-18,66.0,303.1,32.0,7.2,1.65,17.01
Wazirpur,2026-07-19,76.5,282.7,28.5,6.1,1.03,17.99
Wazirpur,2026-07-20,101.5,209.1,26.8,4.6,1.19,18.97
Wazirpur,2026-07-21,90.0,76.0,17.9,3.1,0.8,18.5
